dataset,class,class_name,n,pixel_mean,pixel_std,pixel_median,pixel_skew,pixel_kurtosis
pneumoniamnist,0,normal,1214,0.09724988043308258,0.36718013882637024,0.13725495338439941,-0.4551604280684984,-0.1829586908016081
pneumoniamnist,1,pneumonia,3494,0.16003204882144928,0.32388022541999817,0.21568632125854492,-0.5905206700479929,-0.16980205353551048
breastmnist,0,malignant,147,-0.38682490587234497,0.4226052165031433,-0.45098036527633667,0.4429740182399469,-0.860441476881908
breastmnist,1,"normal, benign",399,-0.32937049865722656,0.4061848819255829,-0.3490195870399475,0.24445222412127077,-0.8454522252471155
