dataset,split,n_samples,n_classes,imbalance_ratio,pixel_mean,pixel_std,pixel_min,pixel_max,pixel_skew,pixel_kurtosis,class_0_name,class_0_count,class_0_pct,class_1_name,class_1_count,class_1_pct
pneumoniamnist,Train,4708,2,2.8780889621087313,0.1438431590795517,0.3367025554180145,-1.0,1.0,-0.5711305141448975,-0.12031292915344238,normal,1214,25.79,pneumonia,3494,74.21
pneumoniamnist,Val,524,2,2.8814814814814813,0.13831965625286102,0.33776891231536865,-1.0,1.0,-0.5574713349342346,-0.12121725082397461,normal,135,25.76,pneumonia,389,74.24
pneumoniamnist,Test,624,2,1.6666666666666667,0.1279381364583969,0.33877912163734436,-1.0,0.9921568632125854,-0.5147509574890137,-0.10822200775146484,normal,234,37.5,pneumonia,390,62.5
breastmnist,Train,546,2,2.7142857142857144,-0.3448389768600464,0.411460280418396,-1.0,1.0,0.294200599193573,-0.8667886257171631,malignant,147,26.92,"normal, benign",399,73.08
breastmnist,Val,78,2,2.7142857142857144,-0.3224758803844452,0.417863130569458,-0.9921568632125854,1.0,0.21203243732452393,-0.9749050140380859,malignant,21,26.92,"normal, benign",57,73.08
breastmnist,Test,156,2,2.7142857142857144,-0.328014999628067,0.407274454832077,-1.0,0.9921568632125854,0.26387837529182434,-0.8371486663818359,malignant,42,26.92,"normal, benign",114,73.08
