method,final_val_auc
DQN_4dim,0.9926116347710179
DQN_9dim,0.994420641721413
Entropy,0.9849947634009331
